TICKER,OFTIC,CNAME,PENDS,MEASURE,PDICITY,ANNDATS,ANNTIMS
CHL,JPM,JP MORGAN,2019-12-31,EPS,QTR,2020-01-14,6:54:00
CHL,JPM,JP MORGAN,2020-03-31,EPS,QTR,2020-04-14,6:57:00
CHL,JPM,JP MORGAN,2020-06-30,EPS,QTR,2020-07-14,6:54:00
CHL,JPM,JP MORGAN,2020-09-30,EPS,QTR,2020-10-13,6:51:00
CHL,JPM,JP MORGAN,2020-12-31,EPS,QTR,2021-01-15,6:58:00
CHL,JPM,JP MORGAN,2021-03-31,EPS,QTR,2021-04-14,6:47:00
CHL,JPM,JP MORGAN,2021-06-30,EPS,QTR,2021-07-13,6:52:00
CHL,JPM,JP MORGAN,2021-09-30,EPS,QTR,2021-10-13,6:52:00
CHL,JPM,JP MORGAN,2021-12-31,EPS,QTR,2022-01-14,7:05:00
CHL,JPM,JP MORGAN,2022-03-31,EPS,QTR,2022-04-13,6:48:00
CHL,JPM,JP MORGAN,2022-06-30,EPS,QTR,2022-07-14,6:57:00
CHL,JPM,JP MORGAN,2022-09-30,EPS,QTR,2022-10-14,6:49:00
CHL,JPM,JP MORGAN,2022-12-31,EPS,QTR,2023-01-13,6:52:00
CHL,JPM,JP MORGAN,2023-03-31,EPS,QTR,2023-04-14,6:58:00
CHL,JPM,JP MORGAN,2023-06-30,EPS,QTR,2023-07-14,6:49:00
CHL,JPM,JP MORGAN,2023-09-30,EPS,QTR,2023-10-13,6:51:00
CHL,JPM,JP MORGAN,2023-12-31,EPS,QTR,2024-01-12,6:53:00
CHL,JPM,JP MORGAN,2024-03-31,EPS,QTR,2024-04-12,6:50:00
CHL,JPM,JP MORGAN,2024-06-30,EPS,QTR,2024-07-12,6:50:00
CHL,JPM,JP MORGAN,2024-09-30,EPS,QTR,2024-10-11,6:54:00
CHL,JPM,JP MORGAN,2024-12-31,EPS,QTR,2025-01-15,6:55:00
CHL,JPM,JP MORGAN,2025-03-31,EPS,QTR,2025-04-11,6:53:00
CHL,JPM,JP MORGAN,2025-06-30,EPS,QTR,2025-07-15,6:32:00
CHL,JPM,JP MORGAN,2025-09-30,EPS,QTR,2025-10-14,6:32:00
NVDA,NVDA,NVIDIA,2020-01-31,EPS,QTR,2020-02-13,16:20:00
NVDA,NVDA,NVIDIA,2020-04-30,EPS,QTR,2020-05-21,16:20:00
NVDA,NVDA,NVIDIA,2020-07-31,EPS,QTR,2020-08-19,16:20:00
NVDA,NVDA,NVIDIA,2020-10-31,EPS,QTR,2020-11-18,16:23:00
NVDA,NVDA,NVIDIA,2021-01-31,EPS,QTR,2021-02-24,16:30:00
NVDA,NVDA,NVIDIA,2021-04-30,EPS,QTR,2021-05-26,16:20:00
NVDA,NVDA,NVIDIA,2021-07-31,EPS,QTR,2021-08-18,16:20:00
NVDA,NVDA,NVIDIA,2021-10-31,EPS,QTR,2021-11-17,16:21:00
NVDA,NVDA,NVIDIA,2022-01-31,EPS,QTR,2022-02-16,16:24:00
NVDA,NVDA,NVIDIA,2022-04-30,EPS,QTR,2022-05-25,16:20:00
NVDA,NVDA,NVIDIA,2022-07-31,EPS,QTR,2022-08-24,16:20:00
NVDA,NVDA,NVIDIA,2022-10-31,EPS,QTR,2022-11-16,16:20:00
NVDA,NVDA,NVIDIA,2023-01-31,EPS,QTR,2023-02-22,16:50:00
NVDA,NVDA,NVIDIA,2023-04-30,EPS,QTR,2023-05-24,16:20:00
NVDA,NVDA,NVIDIA,2023-07-31,EPS,QTR,2023-08-23,16:20:00
NVDA,NVDA,NVIDIA,2023-10-31,EPS,QTR,2023-11-21,16:20:00
NVDA,NVDA,NVIDIA,2024-01-31,EPS,QTR,2024-02-21,16:22:00
NVDA,NVDA,NVIDIA,2024-04-30,EPS,QTR,2024-05-22,16:22:00
NVDA,NVDA,NVIDIA,2024-07-31,EPS,QTR,2024-08-28,16:20:00
NVDA,NVDA,NVIDIA,2024-10-31,EPS,QTR,2024-11-20,16:20:00
NVDA,NVDA,NVIDIA,2025-01-31,EPS,QTR,2025-02-26,16:20:00
NVDA,NVDA,NVIDIA,2025-04-30,EPS,QTR,2025-05-28,16:20:00
NVDA,NVDA,NVIDIA,2025-07-31,EPS,QTR,2025-08-27,16:23:00
NVDA,NVDA,NVIDIA,2025-10-31,EPS,QTR,2025-11-19,16:20:00
